dish_id,bucket,bucket_reason,b_name_raw,b_name_norm,b_kcal,b_prot,b_fat,b_carb,b_weight_g,b_kbzhu_parse_ok,top1_okolo_id,top1_plu,top1_name,top1_name_score,top1_kbju_diff_pct,top1_weight_diff_g,top1_combined,top1_mutual,top2_okolo_id,top2_plu,top2_name,top2_combined,top3_okolo_id,top3_plu,top3_name,top3_combined
47,EXTERNAL_BRAND,external_brand,ЗЕЛ.ЛИН.Сырники творожные 5%,сырники творожные 5%,205,14,5,26,1,True,1304736,3671520,Сырники творожные 5% Зелёная Линия,100,0.0,,1.000,True,1570981,4200603,"Сырники жареные Перекрёсток Select, 110г",0.742,1440678,4201519,"Сырники жареные Перекрёсток Select, 440г",0.742
48,EXTERNAL_BRAND,external_brand,ЗЕЛ.ЛИН.Сырнички с вареной сгущенк.,сырнички с вареной сгущенк,200,10,8,21,120,True,1430494,4189742,"Сырнички с варёной сгущенкой Зелёная Линия, 120г",82,0.0,0,0.891,True,1570981,4200603,"Сырники жареные Перекрёсток Select, 110г",0.734,1440678,4201519,"Сырники жареные Перекрёсток Select, 440г",0.734
49,EXTERNAL_BRAND,external_brand,ЗЕЛ.ЛИН.Сырнички с грушей и персик.,сырнички с грушей и персик,170,9,6.5,18,120,True,1430495,4189743,"Сырнички с грушей и персиком Зелёная Линия, 120г",84,0.0,0,0.907,True,1430496,4189744,"Сырнички с вишней Зелёная Линия, 120г",0.758,1612500,78035124,"Пирожное Персик, 120г",0.562
50,EXTERNAL_BRAND,external_brand,ЗЕЛ.ЛИН.Сырнички с вишней,сырнички с вишней,170,9,6.5,18,120,True,1430496,4189744,"Сырнички с вишней Зелёная Линия, 120г",100,0.0,0,1.000,True,1430495,4189743,"Сырнички с грушей и персиком Зелёная Линия, 120г",0.844,1430494,4189742,"Сырнички с варёной сгущенкой Зелёная Линия, 120г",0.786
51,EXTERNAL_BRAND,external_brand,ЗЕЛ.ЛИН.Запеканка твор.с чер.см.охл.,запеканка твор с чер см охл,177,11.4,5,21.6,200,True,1494442,4273203,"Запеканка творожная с чёрной смородиной Зелёная Линия, 200г",62,0.0,0,0.775,False,1599232,4344257,"Запеканка творожная с клубникой и папайей Зелёная Линия, 200г",0.726,1615181,4344256,"Запеканка творожная с черноплодной рябиной и чёрной смородиной Шеф Перекрёсток, 200г",0.711
52,EXTERNAL_BRAND,external_brand,ЗЕЛ.ЛИН.Запеканка твор.яб/кор.охл.,запеканка твор яб кор охл,189,12.5,5,23.5,200,True,1494443,4273204,"Запеканка творожная с яблоком и корицей Зелёная Линия, 200г",59,0.0,0,0.754,False,1494445,4273205,"Запеканка творожная Зелёная Линия, 200г",0.752,1494446,4273206,"Запеканка творожная с грушей Зелёная Линия, 200г",0.705
53,EXTERNAL_BRAND,external_brand,ЗЕЛ.ЛИН.Запеканка твор.охл.,запеканка твор охл,179,11.3,5,22.2,200,True,1494445,4273205,"Запеканка творожная Зелёная Линия, 200г",67,0.0,0,0.800,True,1494446,4273206,"Запеканка творожная с грушей Зелёная Линия, 200г",0.784,1599232,4344257,"Запеканка творожная с клубникой и папайей Зелёная Линия, 200г",0.774
54,EXTERNAL_BRAND,external_brand,ЗЕЛ.ЛИН.Запеканка твор.с грушей охл.,запеканка твор с грушей охл,171.4,10.6,5,21,200,True,1494446,4273206,"Запеканка творожная с грушей Зелёная Линия, 200г",80,0.0,0,0.880,True,1494445,4273205,"Запеканка творожная Зелёная Линия, 200г",0.744,2031113,4401207,"Запеканка творожная с вишней Перекрёсток Select, 200г",0.715
60,EXTERNAL_BRAND,external_brand,ЗЕЛ.ЛИН.Запеканка твор.с кл/пап.шт.,запеканка твор с кл пап шт,169,11.6,4.5,20.4,200,True,1599232,4344257,"Запеканка творожная с клубникой и папайей Зелёная Линия, 200г",59,0.0,0,0.757,False,1494445,4273205,"Запеканка творожная Зелёная Линия, 200г",0.740,1615181,4344256,"Запеканка творожная с черноплодной рябиной и чёрной смородиной Шеф Перекрёсток, 200г",0.722
98,EXTERNAL_BRAND,external_brand,ЗЕЛ.ЛИН.Морс ВИШНЕВЫЙ,морс вишневый,42,0,0,10.5,0.5,True,1429767,4187802,"Морс Вишневый Зелёная Линия, 500мл",100,0.0,500,1.000,True,2028748,4413748,"Морс Брусничный Перекрёсток Select, 250мл",0.776,2114956,78037391,"Бамбл вишневый, 370мл",0.577
99,EXTERNAL_BRAND,external_brand,ЗЕЛ.ЛИН.Морс ОБЛЕПИХОВЫЙ,морс облепиховый,41.6,0,0,10.4,0.5,True,1429768,4187803,"Морс Облепиховый Зелёная Линия, 500мл",100,0.0,500,1.000,True,1512199,4297530,"Морс облепиховый Зелёная Линия, 1л",0.992,2042252,4421818,"Чай зелёный Облепиховый с мятой негазированный Перекрёсток Select, 500мл",0.860
101,EXTERNAL_BRAND,external_brand,ЗЕЛ.ЛИН.Морс клюквенный,морс клюквенный,41,0,0,10.4,0.5,True,1429770,4187805,"Морс клюквенный Зелёная Линия, 500мл",100,0.0,500,1.000,True,1512198,4297529,"Морс клюквенный Зелёная Линия, 1л",0.994,2028748,4413748,"Морс Брусничный Перекрёсток Select, 250мл",0.754
102,EXTERNAL_BRAND,external_brand,ЗЕЛ.ЛИН.Морс лесные ягоды,морс лесные ягоды,40,0,0,10,0.5,True,1498773,4280082,"Морс Лесные ягоды Зелёная Линия, 500мл",100,0.0,500,1.000,True,1617646,4356603,"Холодный чай 28 Seeds Иван-Чай Колд Брю Лесные Ягоды безалкогольный, 250мл",0.797,1512199,4297530,"Морс облепиховый Зелёная Линия, 1л",0.706
103,EXTERNAL_BRAND,external_brand,ЗЕЛ.ЛИН.Морс клюквенный шт.,морс клюквенный шт,40,0,0,10,1,True,1512198,4297529,"Морс клюквенный Зелёная Линия, 1л",91,0.0,,0.945,False,1429770,4187805,"Морс клюквенный Зелёная Линия, 500мл",0.939,2028748,4413748,"Морс Брусничный Перекрёсток Select, 250мл",0.727
104,EXTERNAL_BRAND,external_brand,ЗЕЛ.ЛИН.Морс облепиховый шт.,морс облепиховый шт,40,0,0,10,1,True,1512199,4297530,"Морс облепиховый Зелёная Линия, 1л",91,0.0,,0.949,False,1429768,4187803,"Морс Облепиховый Зелёная Линия, 500мл",0.941,2042252,4421818,"Чай зелёный Облепиховый с мятой негазированный Перекрёсток Select, 500мл",0.817
105,EXTERNAL_BRAND,external_brand,ЗЕЛ.ЛИН.Морс черносмородиновый шт.,морс черносмородиновый шт,40,0,0,10,1,True,1512200,4297531,"Морс черносмородиновый Зелёная Линия, 1л",94,0.0,,0.962,True,1429769,4187804,"Морс черносмородиновый Зелёная Линия, 500мл",0.954,2028748,4413748,"Морс Брусничный Перекрёсток Select, 250мл",0.730
301,EXTERNAL_BRAND,external_brand,TAS.STORY Драже МИНДАЛЬ СОЛ.КАРАМЕЛЬ,драже миндаль сол карамель,590,19.2,45,27.1,40,True,1848448,4388467,"Драже Tasty Story Миндаль Солёная Карамель, 40г",92,0.0,0,0.950,True,2009088,78036473,"Меренга Шоколадная с карамелью и арахисом, 60г",0.531,1838834,78035830,"Раф Соленая Карамель с орехами, 200мл",0.460
619,EXTERNAL_BRAND,external_brand,PINCH&DROP Ос.ПЮРЕ МАР.КОС.фр.д/с/к/д.,ос пюре мар кос фр д с к д,,,,,1,False,1433383,4192791,"Фишкейки с картофельным пюре и соусом тар-тар Перекрёсток Select, 280г",52,,279,0.314,False,1574331,4312150,"Азу из говядины с картофельным пюре Перекрёсток Select, 300г",0.305,1828718,4382076,"Курица по-французски с картофельным пюре Перекрёсток Select, 250г",0.300
302,EXTERNAL_BRAND,external_brand,TAS.STORY Драже КЕШЬЮ МАЛИНА,драже кешью малина,572.4,15.6,43.4,29.8,40,True,1848450,4388468,"Драже Tasty Story Кешью Малина, 40г",100,0.0,0,1.000,True,2114174,78037424,Основа Малина 9г,0.424,1837366,78035791,"Латте Малина Можжевельник, 400мл",0.417
182,EXTERNAL_BRAND,external_brand,ЗЕЛ.ЛИН.Котл.из инд/пюре из бат.шт.,котл из инд пюре из бат шт,258,7.2,7.3,5.8,220,True,1582452,4327212,"Котлеты из индейки с пюре из батата Зелёная Линия, 220г",61,0.0,0,0.765,True,1574331,4312150,"Азу из говядины с картофельным пюре Перекрёсток Select, 300г",0.586,2063106,4403475,"Котлеты Сочные из индейки жареные Перекрёсток Select, 240г",0.585
183,EXTERNAL_BRAND,external_brand,ЗЕЛ.ЛИН.Котлеты из ин.на пару/ов.шт.,котлеты из ин на пару ов шт,88,3.4,3.3,3,250,True,1582449,4327213,"Котлеты из индейки на пару с овощами Зелёная Линия, 250г",80,0.0,0,0.880,True,2119609,4431933,"Котлеты куриные Перекрёсток Select, 160г",0.576,2039520,4422205,"Котлеты из индейки с гречкой отварной Перекрёсток Select, 220г",0.528
303,EXTERNAL_BRAND,external_brand,TAS.STORY Яблоко с корицей вяленые,яблоко с корицей вяленые,243,0.9,0.3,65.9,25,True,1848447,4388469,"Яблоко Tasty Story с корицей вяленое, 25г",80,0.0,0,0.880,True,1592163,4335249,"Блины с яблоком мёдом и корицей Перекрёсток Select, 240г",0.594,1828722,4381912,"Плов с курицей Перекрёсток Select, 300г",0.490
304,EXTERNAL_BRAND,external_brand,TAS.STORY Дыня вяленая,дыня вяленая,341,0.7,0.1,82.2,30,True,1848446,4388470,"Дыня  Tasty Story вяленая, 30г",100,0.0,0,1.000,True,1848455,4388471,"Хурма Tasty Story вяленая, 30г",0.628,2118497,4437972,"Солянка мясная Перекрёсток Select, 250г",0.328
305,EXTERNAL_BRAND,external_brand,TAS.STORY Хурма вяленая,хурма вяленая,230,2,0.6,55,30,True,1848455,4388471,"Хурма Tasty Story вяленая, 30г",100,0.0,0,1.000,True,1848446,4388470,"Дыня  Tasty Story вяленая, 30г",0.606,1800452,78035069,"Матча Латте, 400мл",0.388
316,EXTERNAL_BRAND,external_brand,LEMONARDO Нап.ГРУШЕВ.б/а с/сод.с/г,нап грушев б а с сод с г,28,0,0,7,330,True,1836205,4381194,"Напиток газированный Lemonardo Грушевый сокосодержащий, 330мл",47,0.0,0,0.684,True,1625200,78034899,"Айс Латте с соевым напитком, 350мл",0.419,1800440,78034903,"Бейбичино Бабл Гам с соевым напитком, 200мл",0.379
300,EXTERNAL_BRAND,external_brand,TAS.STORY Драже МИНДАЛЬ вкус.пряника,драже миндаль вкус пряника,566.5,18.1,42,29.1,40,True,2012013,4388200,"Драже Tasty Story со вкусом пряника, 40г",67,0.0,0,0.800,True,1848448,4388467,"Драже Tasty Story Миндаль Солёная Карамель, 40г",0.777,2119920,78037345,"Пирожное со вкусом пина колада, 70г",0.511
620,EXTERNAL_BRAND,external_brand,PINCH&DROP Основа ПЮРЕ ЧЕР.фр.д/с/к/д.,основа пюре чер фр д с к д,,,,,1,False,2114294,78037428,Основа Тыква 9г,57,,8,0.343,False,2127128,78037558,Основа Тыква 25г,0.327,2114174,78037424,Основа Малина 9г,0.327
264,EXTERNAL_BRAND,external_brand,ЗЕЛ.ЛИН.Крем-суп грибной шт.,крем суп грибной шт,73,3,4,6,300,True,1581963,4324261,"Крем-суп грибной Перекрёсток Select, 300г",100,0.0,0,1.000,True,1509597,4273862,"Суп-пюре из тыквы Перекрёсток Select, 300г",0.637,1394357,4163238,"Суп гороховый с копченостями Перекрёсток Select, 300г",0.635
265,EXTERNAL_BRAND,external_brand,ЗЕЛ.ЛИН.Крем-суп тыквенный с инд.шт.,крем суп тыквенный с инд шт,150,3.5,8,16,270,True,1581961,4325412,"Крем-суп тыквенный с индейкой Зелёная Линия, 270г",85,0.0,0,0.911,True,2045008,4425860,"Суп  Сливочный с треской креветками и песто Перекрёсток Select, 300г",0.649,1581963,4324261,"Крем-суп грибной Перекрёсток Select, 300г",0.622
266,EXTERNAL_BRAND,external_brand,ЗЕЛ.ЛИН.Борщ овощной шт.,борщ овощной шт,100,2,2,19,300,True,1581962,4325413,"Борщ овощной Перекрёсток Select, 300г",100,0.0,0,1.000,True,1579221,4323587,"Борщ Перекрёсток Select, 300г",0.852,1307009,3681084,"Винегрет овощной Перекрёсток Select, 180г",0.668
290,EXTERNAL_BRAND,external_brand,RAW TO GO Батончик АРАХИСОВЫЙ шокол.,батончик арахисовый шокол,552,15.8,37.5,24,45,True,1610487,4354657,"Батончик Raw To Go Арахисовый шоколадный, 45г",86,0.0,0,0.918,True,1610488,4354935,"Батончик Raw To Go Шоколадные Палочки, 45г",0.615,1610485,4354936,"Батончик Raw To Go шоколадный с ванильной нугой, 45г",0.536
291,EXTERNAL_BRAND,external_brand,RAW TO GO Батончик с кешью + виш.шок.,батончик с кешью + виш шок,628,11,45,43,45,True,1610484,4354658,"Батончик Raw To Go шоколадный кешью-вишня, 45г",70,0.0,0,0.820,True,1610485,4354936,"Батончик Raw To Go шоколадный с ванильной нугой, 45г",0.575,2114175,78037426,Основа Кешью-Банан 9г,0.530
292,EXTERNAL_BRAND,external_brand,RAW TO GO Батончик ШОКОЛАДНЫЕ ПАЛОЧ.,батончик шоколадные палоч,439,8.9,29.7,33.9,45,True,1610488,4354935,"Батончик Raw To Go Шоколадные Палочки, 45г",86,0.0,0,0.918,True,1610487,4354657,"Батончик Raw To Go Арахисовый шоколадный, 45г",0.674,1610485,4354936,"Батончик Raw To Go шоколадный с ванильной нугой, 45г",0.647
293,EXTERNAL_BRAND,external_brand,RAW TO GO Батончик шоколад.с ван.нуг.,батончик шоколад с ван нуг,473,4,25,58,45,True,1610485,4354936,"Батончик Raw To Go шоколадный с ванильной нугой, 45г",71,0.0,0,0.827,True,1610488,4354935,"Батончик Raw To Go Шоколадные Палочки, 45г",0.642,2009088,78036473,"Меренга Шоколадная с карамелью и арахисом, 60г",0.628
294,EXTERNAL_BRAND,external_brand,RAW TO GO Пралине с арахисом,пралине с арахисом,253.8,5.2,21.2,10.5,45,True,1610486,4354937,"Пралине Raw To Go с арахисом, 45г",100,0.0,0,1.000,True,2009088,78036473,"Меренга Шоколадная с карамелью и арахисом, 60г",0.691,2009127,78036476,"Пирожное Вупи Пай банановый с арахисовым кремом, 100г",0.585
309,EXTERNAL_BRAND,external_brand,28SEEDS Нап.КУР.ТОН.б/а ср/г.с сок.,нап кур тон б а ср г с сок,20,0.4,0.4,3.5,330,True,2039689,4420760,"Бризоль куриная с пенне и соусом Перекрёсток Select, 250г",55,88.1,80,0.379,False,2016804,4403477,"Биточек куриный со спагетти в томатном соусе Перекрёсток Select, 220г",0.347,2035716,4409325,"Курица Том Ям с рисом Перекрёсток Select, 230г",0.345
310,EXTERNAL_BRAND,external_brand,28SEEDS Нап.ЗЕЛ.ЧАЙ КОЛД БРЮ Г.+Л.,нап зел чай колд брю г +л,30,0.5,0,7,250,True,1617644,4356602,"Холодный чай 28 Seeds Колд Брю Гуава Лайм зелёный, 250мл",65,0.0,0,0.789,True,1617646,4356603,"Холодный чай 28 Seeds Иван-Чай Колд Брю Лесные Ягоды безалкогольный, 250мл",0.694,2015252,78036490,"Чай латте холодный пряный, 350мл",0.436
311,EXTERNAL_BRAND,external_brand,28SEEDS Нап.ИВ-ЧАЙ К.БРЮ.Л.ЯГ.б/а,нап ив чай к брю л яг б а,40,0.3,0,10,250,True,1617646,4356603,"Холодный чай 28 Seeds Иван-Чай Колд Брю Лесные Ягоды безалкогольный, 250мл",50,0.0,0,0.700,False,1617644,4356602,"Холодный чай 28 Seeds Колд Брю Гуава Лайм зелёный, 250мл",0.581,1621917,78035088,"Чай черный с персиком и имбирем, 400мл",0.350
312,EXTERNAL_BRAND,external_brand,28SEEDS Нап.КР.ТОН.КУР.МАР.+ГР.б/а,нап кр тон кур мар +гр б а,35,0.5,0.4,7,250,True,1624446,78035151,"Напиток с медом имбирем и лимоном горячий, 400мл",45,46.3,150,0.483,False,2113382,78037324,"Напиток горячий с манго и малиной, 400мл",0.462,1800378,4373584,"Гедза с курицей на пару Перекрёсток Select, 160г",0.411
313,EXTERNAL_BRAND,external_brand,28SEEDS Нап.КР.ПУНШ КОР.ЯБ+П.Ч.б/а,нап кр пунш кор яб+п ч б а,25,0.2,0,6.5,250,True,1610515,4357271,"Напиток 28Seeds Крафтовый пунш корица яблоко пряный чай безалкогольный, 250мл",48,0.0,0,0.688,False,2115703,78037323,"Напиток Азиатский Пунш горячий, 400мл",0.422,1800378,4373584,"Гедза с курицей на пару Перекрёсток Select, 160г",0.389
314,EXTERNAL_BRAND,external_brand,28SEEDS Нап.Ч.ОМ-3 ЦИТ.тон.б/а н/г,нап ч ом 3 цит тон б а н г,45,1,1.5,6.5,250,True,1610516,4357276,"Напиток негазированный 28Seeds Чиа омега-3 цитрус тонизирующий безалкогольный, 250мл",45,0.0,0,0.668,True,1625205,78034898,"Айс Латте с овсяным напитком, 350мл",0.516,1800461,78034902,"Бейбичино Бабл Гам с овсяным напитком, 200мл",0.422
315,EXTERNAL_BRAND,external_brand,LEMONARDO Нап.ВИШН.КОЛА б/а с/сод.,нап вишн кола б а с сод,28,0,0,7,330,True,1625200,78034899,"Айс Латте с соевым напитком, 350мл",52,68.6,20,0.437,False,1800440,78034903,"Бейбичино Бабл Гам с соевым напитком, 200мл",0.414,2031113,4401207,"Запеканка творожная с вишней Перекрёсток Select, 200г",0.414
317,EXTERNAL_BRAND,external_brand,LEMONARDO Нап.ИМБИР.б/а с/сод.сл/г.,нап имбир б а с сод сл г,26,0,0,6.5,330,True,1800440,78034903,"Бейбичино Бабл Гам с соевым напитком, 200мл",50,79.3,130,0.383,False,1800449,78035066,"Бейбичино Бабл Гам с миндальным напитком, 200мл",0.364,2038893,4409321,"Свинина в соусе барбекю с рисом Перекрёсток Select, 240г",0.344
318,EXTERNAL_BRAND,external_brand,LEMONARDO Напит.БУЗ.б/а с/сод.сл/г.,напит буз б а с сод сл г,24,0,0,6,330,True,1625200,78034899,"Айс Латте с соевым напитком, 350мл",51,67.2,20,0.437,False,1800440,78034903,"Бейбичино Бабл Гам с соевым напитком, 200мл",0.416,1800463,78035077,"Матча Латте с соевым напитком, 400мл",0.406
621,EXTERNAL_BRAND,external_brand,PINCH&DROP Основа ПЮРЕ МАН.фр.д/с/к/д.,основа пюре ман фр д с к д,,,,,1,False,2114294,78037428,Основа Тыква 9г,57,,8,0.343,False,1433383,4192791,"Фишкейки с картофельным пюре и соусом тар-тар Перекрёсток Select, 280г",0.332,2114174,78037424,Основа Малина 9г,0.330
622,EXTERNAL_BRAND,external_brand,PINCH&DROP Осн.ПЮРЕ КАЛАМ.фр.д/с/к/д.,осн пюре калам фр д с к д,,,,,1,False,2044350,4419226,"Биточки мясные с картофельным пюре Перекрёсток Select, 300г",56,,299,0.337,False,2042777,4425837,"Пирог Осетинский с картофелем и сыром Перекрёсток Select, 200г",0.320,1433383,4192791,"Фишкейки с картофельным пюре и соусом тар-тар Перекрёсток Select, 280г",0.319
623,EXTERNAL_BRAND,external_brand,PINCH&DROP Основа ПЮРЕ ВИШ.фр.д/с/к/д.,основа пюре виш фр д с к д,,,,,1,False,2114294,78037428,Основа Тыква 9г,57,,8,0.343,False,2127128,78037558,Основа Тыква 25г,0.327,2114174,78037424,Основа Малина 9г,0.327
624,EXTERNAL_BRAND,external_brand,OSNOVAT.КПД GRAINY GLAZE вк.взр.зол.,кпд grainy glaze вк взр зол,,,,,100,False,1610488,4354935,"Батончик Raw To Go Шоколадные Палочки, 45г",38,,55,0.225,False,1610487,4354657,"Батончик Raw To Go Арахисовый шоколадный, 45г",0.215,1610484,4354658,"Батончик Raw To Go шоколадный кешью-вишня, 45г",0.212
625,EXTERNAL_BRAND,external_brand,OSNOVAT.КПД GRAINY GLAZE вк.взр.мал.,кпд grainy glaze вк взр мал,,,,,100,False,1848450,4388468,"Драже Tasty Story Кешью Малина, 40г",39,,60,0.232,False,1610486,4354937,"Пралине Raw To Go с арахисом, 45г",0.218,1610488,4354935,"Батончик Raw To Go Шоколадные Палочки, 45г",0.206
626,EXTERNAL_BRAND,external_brand,OSNOVAT.Нап.FITN.BAR ПРОТ.ОС.ПР.ДЕС.,нап fitn bar прот ос пр дес,,,,,500,False,1286129,3505646,"Набор для приготовления чая, 150мл",41,,350,0.244,False,2067026,78036419,"Чай латте пряный с овсяным напитком, 200мл",0.232,2012013,4388200,"Драже Tasty Story со вкусом пряника, 40г",0.232
627,EXTERNAL_BRAND,external_brand,OSNOVAT.КПД FOAMER ПЕНА вк.мин.сгущ.,кпд foamer пена вк мин сгущ,,,,,500,False,2119920,78037345,"Пирожное со вкусом пина колада, 70г",46,,430,0.274,False,2012013,4388200,"Драже Tasty Story со вкусом пряника, 40г",0.252,2039689,4420760,"Бризоль куриная с пенне и соусом Перекрёсток Select, 250г",0.244
628,EXTERNAL_BRAND,external_brand,OSNOVAT.КПД FOAMER ПЕНА вкус.ванили,кпд foamer пена вкус ванили,,,,,500,False,2012013,4388200,"Драже Tasty Story со вкусом пряника, 40г",45,,460,0.271,False,1624081,78034936,"Кофе Раф ванильный на кокосовом напитке, 200мл",0.255,1620295,78034937,"Кофе Раф ванильный на кокосовом напитке, 400мл",0.255
629,EXTERNAL_BRAND,external_brand,OSNOVAT.Какао-нап.CHOC.вк.м.ш.р.р.п.,какао нап choc вк м ш р р п,,,,,500,False,1846291,78036191,"Какао, 200мл",100,,300,0.600,True,1845758,78036192,"Какао, 400мл",0.600,1589322,78034446,Какао 200мл,0.375
630,EXTERNAL_BRAND,external_brand,OSNOVAT.Конц.BER.JAM вк.бер.з.в.н.с.,конц ber jam вк бер з в н с,,,,,500,False,1847431,78036006,"Онигири запеченный с беконом в соусе унаги, 160г",41,,340,0.243,False,2116477,78037439,"Изотоник зеленый виноград с березовым соком, 350мл",0.240,2120925,78037531,"Клаб Сэндвич двойной с курицей и беконом, 100г",0.233
631,EXTERNAL_BRAND,external_brand,OSNOVAT.Кон.MAT.LAT.вк.син.ан-ч.н.с.,кон mat lat вк син ан ч н с,,,,,500,False,1609621,4352869,"Смузи с манго и морковью Перекрёсток Select, 250мл",43,,250,0.259,False,2120247,78037348,"Чизкейк Сан-Себастьян с маком и лимоном, 100г",0.255,2120246,78037347,"Чизкейк Сан-Себастьян с малиной, 100г",0.248
632,EXTERNAL_BRAND,external_brand,OSNOVAT.Кон.CR.LAT.вк.тык.кр.нап.с.,кон cr lat вк тык кр нап с,,,,,500,False,2012013,4388200,"Драже Tasty Story со вкусом пряника, 40г",49,,460,0.295,False,1625211,78034896,"Айс Латте с кокосовым напитком, 350мл",0.279,1848447,4388469,"Яблоко Tasty Story с корицей вяленое, 25г",0.271
633,EXTERNAL_BRAND,external_brand,OSNOVAT.Конц.CR.LAT.вк.кр.кеш.б.н.с.,конц cr lat вк кр кеш б н с,,,,,500,False,1848447,4388469,"Яблоко Tasty Story с корицей вяленое, 25г",48,,475,0.286,False,2012013,4388200,"Драже Tasty Story со вкусом пряника, 40г",0.271,1610484,4354658,"Батончик Raw To Go шоколадный кешью-вишня, 45г",0.265
634,EXTERNAL_BRAND,external_brand,OSNOVAT.Конц.CR.LAT.вк.мал.нап.сух.,конц cr lat вк мал нап сух,,,,,500,False,2012013,4388200,"Драже Tasty Story со вкусом пряника, 40г",49,,460,0.295,False,1848450,4388468,"Драже Tasty Story Кешью Малина, 40г",0.279,2019104,78036193,"Какао на соевом напитке, 200мл",0.269
618,EXTERNAL_BRAND,external_brand,OSNOVAT.Смесь CHOC.КАКАО БЕЗ САХ.вк.,смесь choc какао без сах вк,,,,,500,False,1846291,78036191,"Какао, 200мл",100,,300,0.600,False,1845758,78036192,"Какао, 400мл",0.600,2114955,78037350,"Какао без сахара, 400мл",0.432
603,EXTERNAL_BRAND,external_brand,HERBAR.Сироп BOURBON VANILLA,сироп bourbon vanilla,,,,,0.7,False,1837327,78036016,Сироп для кофе 10г,43,,9,0.261,False,2012575,78036492,"Бейбичино с сиропом, 200мл",0.210,2012013,4388200,"Драже Tasty Story со вкусом пряника, 40г",0.171
610,EXTERNAL_BRAND,external_brand,HERBAR.Сироп LAVANDE DE LUMIERE,сироп lavande de lumiere,,,,,700,False,1837327,78036016,Сироп для кофе 10г,43,,690,0.261,False,2012575,78036492,"Бейбичино с сиропом, 200мл",0.195,1836657,4386335,"Вафли Hanuta Haselnuss, 44г",0.183
611,EXTERNAL_BRAND,external_brand,ND PRIME Шоколад BACHENMIX горяч.тем.,шоколад bachenmix горяч тем,,,,,1,False,2009121,78036474,"Торт Шоколадно-Миндальный, 90г",46,,89,0.277,False,1840734,78036091,"Пирог Чизкейк Шоколадный Микс сырный, 120г",0.248,2120980,78036827,Пирог Чизкейк Шоколадный сырный 100г,0.248
615,EXTERNAL_BRAND,external_brand,HERBAR.Сироп THE NUTCRACKER,сироп the nutcracker,,,,,700,False,1837327,78036016,Сироп для кофе 10г,43,,690,0.261,False,1836657,4386335,"Вафли Hanuta Haselnuss, 44г",0.257,2012575,78036492,"Бейбичино с сиропом, 200мл",0.215
616,EXTERNAL_BRAND,external_brand,HERBAR.Сироп GINGERBREAD,сироп gingerbread,,,,,700,False,1837327,78036016,Сироп для кофе 10г,45,,690,0.273,False,2012575,78036492,"Бейбичино с сиропом, 200мл",0.200,1610486,4354937,"Пралине Raw To Go с арахисом, 45г",0.187
